Car_Name,Year,Selling_Price,Present_Price,Driven_kms,Fuel_Type,Selling_type,Transmission,Owner,Car_Age,Brand,Fuel_Type_Encoded,Selling_Type_Encoded,Transmission_Encoded,Log_Selling_Price
ritz,2014,3.35,5.59,27000,Petrol,Dealer,Manual,0,11,ritz,0,0,0,1.4701758451005926
sx4,2013,4.75,9.54,43000,Diesel,Dealer,Manual,0,12,sx4,1,0,0,1.749199854809259
ciaz,2017,7.25,9.85,6900,Petrol,Dealer,Manual,0,8,ciaz,0,0,0,2.1102132003465894
wagon r,2011,2.85,4.15,5200,Petrol,Dealer,Manual,0,14,wagon,0,0,0,1.3480731482996928
swift,2014,4.6,6.87,42450,Diesel,Dealer,Manual,0,11,swift,1,0,0,1.7227665977411035
vitara brezza,2018,9.25,9.83,2071,Diesel,Dealer,Manual,0,7,vitara,1,0,0,2.327277705584417
ciaz,2015,6.75,8.12,18796,Petrol,Dealer,Manual,0,10,ciaz,0,0,0,2.0476928433652555
s cross,2015,6.5,8.61,33429,Diesel,Dealer,Manual,0,10,s,1,0,0,2.0149030205422647
ciaz,2016,8.75,8.89,20273,Diesel,Dealer,Manual,0,9,ciaz,1,0,0,2.277267285009756
ciaz,2015,7.45,8.92,42367,Diesel,Dealer,Manual,0,10,ciaz,1,0,0,2.134166441369082
alto 800,2017,2.85,3.6,2135,Petrol,Dealer,Manual,0,8,alto,0,0,0,1.3480731482996928
ciaz,2015,6.85,10.38,51000,Diesel,Dealer,Manual,0,10,ciaz,1,0,0,2.060513531794317
ciaz,2015,7.5,9.94,15000,Petrol,Dealer,Automatic,0,10,ciaz,0,0,1,2.1400661634962708
ertiga,2015,6.1,7.71,26000,Petrol,Dealer,Manual,0,10,ertiga,0,0,0,1.9600947840472698
dzire,2009,2.25,7.21,77427,Petrol,Dealer,Manual,0,16,dzire,0,0,0,1.1786549963416462
ertiga,2016,7.75,10.79,43000,Diesel,Dealer,Manual,0,9,ertiga,1,0,0,2.169053700369523
ertiga,2015,7.25,10.79,41678,Diesel,Dealer,Manual,0,10,ertiga,1,0,0,2.1102132003465894
wagon r,2015,3.25,5.09,35500,CNG,Dealer,Manual,0,10,wagon,2,0,0,1.4469189829363254
sx4,2010,2.65,7.98,41442,Petrol,Dealer,Manual,0,15,sx4,0,0,0,1.2947271675944
alto k10,2016,2.85,3.95,25000,Petrol,Dealer,Manual,0,9,alto,0,0,0,1.3480731482996928
ignis,2017,4.9,5.71,2400,Petrol,Dealer,Manual,0,8,ignis,0,0,0,1.7749523509116738
sx4,2011,4.4,8.01,50000,Petrol,Dealer,Automatic,0,14,sx4,0,0,1,1.6863989535702288
alto k10,2014,2.5,3.46,45280,Petrol,Dealer,Manual,0,11,alto,0,0,0,1.252762968495368
wagon r,2013,2.9,4.41,56879,Petrol,Dealer,Manual,0,12,wagon,0,0,0,1.3609765531356006
swift,2011,3.0,4.99,20000,Petrol,Dealer,Manual,0,14,swift,0,0,0,1.3862943611198906
swift,2013,4.15,5.87,55138,Petrol,Dealer,Manual,0,12,swift,0,0,0,1.6389967146756448
swift,2017,6.0,6.49,16200,Petrol,Individual,Manual,0,8,swift,0,1,0,1.9459101490553132
alto k10,2010,1.95,3.95,44542,Petrol,Dealer,Manual,0,15,alto,0,0,0,1.0818051703517284
ciaz,2015,7.45,10.38,45000,Diesel,Dealer,Manual,0,10,ciaz,1,0,0,2.134166441369082
ritz,2012,3.1,5.98,51439,Diesel,Dealer,Manual,0,13,ritz,1,0,0,1.410986973710262
ritz,2011,2.35,4.89,54200,Petrol,Dealer,Manual,0,14,ritz,0,0,0,1.208960345836975
swift,2014,4.95,7.49,39000,Diesel,Dealer,Manual,0,11,swift,1,0,0,1.7833912195575383
ertiga,2014,6.0,9.95,45000,Diesel,Dealer,Manual,0,11,ertiga,1,0,0,1.9459101490553132
dzire,2014,5.5,8.06,45000,Diesel,Dealer,Manual,0,11,dzire,1,0,0,1.8718021769015913
sx4,2011,2.95,7.74,49998,CNG,Dealer,Manual,0,14,sx4,2,0,0,1.3737155789130306
dzire,2015,4.65,7.2,48767,Petrol,Dealer,Manual,0,10,dzire,0,0,0,1.7316555451583497
800,2003,0.35,2.28,127000,Petrol,Individual,Manual,0,22,800,0,1,0,0.3001045924503381
alto k10,2016,3.0,3.76,10079,Petrol,Dealer,Manual,0,9,alto,0,0,0,1.3862943611198906
sx4,2003,2.25,7.98,62000,Petrol,Dealer,Manual,0,22,sx4,0,0,0,1.1786549963416462
baleno,2016,5.85,7.87,24524,Petrol,Dealer,Automatic,0,9,baleno,0,0,1,1.9242486522741338
alto k10,2014,2.55,3.98,46706,Petrol,Dealer,Manual,0,11,alto,0,0,0,1.2669476034873244
sx4,2008,1.95,7.15,58000,Petrol,Dealer,Manual,0,17,sx4,0,0,0,1.0818051703517284
dzire,2014,5.5,8.06,45780,Diesel,Dealer,Manual,0,11,dzire,1,0,0,1.8718021769015913
omni,2012,1.25,2.69,50000,Petrol,Dealer,Manual,0,13,omni,0,0,0,0.8109302162163288
ciaz,2014,7.5,12.04,15000,Petrol,Dealer,Automatic,0,11,ciaz,0,0,1,2.1400661634962708
ritz,2013,2.65,4.89,64532,Petrol,Dealer,Manual,0,12,ritz,0,0,0,1.2947271675944
wagon r,2006,1.05,4.15,65000,Petrol,Dealer,Manual,0,19,wagon,0,0,0,0.7178397931503169
ertiga,2015,5.8,7.71,25870,Petrol,Dealer,Manual,0,10,ertiga,0,0,0,1.916922612182061
ciaz,2017,7.75,9.29,37000,Petrol,Dealer,Automatic,0,8,ciaz,0,0,1,2.169053700369523
fortuner,2012,14.9,30.61,104707,Diesel,Dealer,Automatic,0,13,fortuner,1,0,1,2.766319109226186
fortuner,2015,23.0,30.61,40000,Diesel,Dealer,Automatic,0,10,fortuner,1,0,1,3.1780538303479458
innova,2017,18.0,19.77,15000,Diesel,Dealer,Automatic,0,8,innova,1,0,1,2.9444389791664403
fortuner,2013,16.0,30.61,135000,Diesel,Individual,Automatic,0,12,fortuner,1,1,1,2.833213344056216
innova,2005,2.75,10.21,90000,Petrol,Individual,Manual,0,20,innova,0,1,0,1.3217558399823195
corolla altis,2009,3.6,15.04,70000,Petrol,Dealer,Automatic,0,16,corolla,0,0,1,1.5260563034950492
etios cross,2015,4.5,7.27,40534,Petrol,Dealer,Manual,0,10,etios,0,0,0,1.7047480922384253
corolla altis,2010,4.75,18.54,50000,Petrol,Dealer,Manual,0,15,corolla,0,0,0,1.749199854809259
etios g,2014,4.1,6.8,39485,Petrol,Dealer,Manual,1,11,etios,0,0,0,1.62924053973028
fortuner,2014,19.99,35.96,41000,Diesel,Dealer,Automatic,0,11,fortuner,1,0,1,3.0440461338325417
corolla altis,2013,6.95,18.61,40001,Petrol,Dealer,Manual,0,12,corolla,0,0,0,2.0731719286662407
etios cross,2015,4.5,7.7,40588,Petrol,Dealer,Manual,0,10,etios,0,0,0,1.7047480922384253
fortuner,2014,18.75,35.96,78000,Diesel,Dealer,Automatic,0,11,fortuner,1,0,1,2.9831534913471307
fortuner,2015,23.5,35.96,47000,Diesel,Dealer,Automatic,0,10,fortuner,1,0,1,3.1986731175506815
fortuner,2017,33.0,36.23,6000,Diesel,Dealer,Automatic,0,8,fortuner,1,0,1,3.5263605246161616
etios liva,2014,4.75,6.95,45000,Diesel,Dealer,Manual,0,11,etios,1,0,0,1.749199854809259
innova,2017,19.75,23.15,11000,Petrol,Dealer,Automatic,0,8,innova,0,0,1,3.0325462466767075
fortuner,2010,9.25,20.45,59000,Diesel,Dealer,Manual,0,15,fortuner,1,0,0,2.327277705584417
corolla altis,2011,4.35,13.74,88000,Petrol,Dealer,Manual,0,14,corolla,0,0,0,1.6770965609079151
corolla altis,2016,14.25,20.91,12000,Petrol,Dealer,Manual,0,9,corolla,0,0,0,2.7245795030534206
etios liva,2014,3.95,6.76,71000,Diesel,Dealer,Manual,0,11,etios,1,0,0,1.599387576580599
corolla altis,2011,4.5,12.48,45000,Diesel,Dealer,Manual,0,14,corolla,1,0,0,1.7047480922384253
corolla altis,2013,7.45,18.61,56001,Petrol,Dealer,Manual,0,12,corolla,0,0,0,2.134166441369082
etios liva,2011,2.65,5.71,43000,Petrol,Dealer,Manual,0,14,etios,0,0,0,1.2947271675944
etios cross,2014,4.9,8.93,83000,Diesel,Dealer,Manual,0,11,etios,1,0,0,1.7749523509116738
etios g,2015,3.95,6.8,36000,Petrol,Dealer,Manual,0,10,etios,0,0,0,1.599387576580599
corolla altis,2013,5.5,14.68,72000,Petrol,Dealer,Manual,0,12,corolla,0,0,0,1.8718021769015913
corolla,2004,1.5,12.35,135154,Petrol,Dealer,Automatic,0,21,corolla,0,0,1,0.9162907318741551
corolla altis,2010,5.25,22.83,80000,Petrol,Dealer,Automatic,0,15,corolla,0,0,1,1.8325814637483102
fortuner,2012,14.5,30.61,89000,Diesel,Dealer,Automatic,0,13,fortuner,1,0,1,2.740840023925201
corolla altis,2016,14.73,14.89,23000,Diesel,Dealer,Manual,0,9,corolla,1,0,0,2.7555697170701863
etios gd,2015,4.75,7.85,40000,Diesel,Dealer,Manual,0,10,etios,1,0,0,1.749199854809259
innova,2017,23.0,25.39,15000,Diesel,Dealer,Automatic,0,8,innova,1,0,1,3.1780538303479458
innova,2015,12.5,13.46,38000,Diesel,Dealer,Manual,0,10,innova,1,0,0,2.6026896854443837
innova,2005,3.49,13.46,197176,Diesel,Dealer,Manual,0,20,innova,1,0,0,1.501852701754163
camry,2006,2.5,23.73,142000,Petrol,Individual,Automatic,3,19,camry,0,1,1,1.252762968495368
land cruiser,2010,35.0,92.6,78000,Diesel,Dealer,Manual,0,15,land,1,0,0,3.58351893845611
corolla altis,2012,5.9,13.74,56000,Petrol,Dealer,Manual,0,13,corolla,0,0,0,1.9315214116032138
etios liva,2013,3.45,6.05,47000,Petrol,Dealer,Manual,0,12,etios,0,0,0,1.4929040961781488
etios g,2014,4.75,6.76,40000,Petrol,Dealer,Manual,0,11,etios,0,0,0,1.749199854809259
corolla altis,2009,3.8,18.61,62000,Petrol,Dealer,Manual,0,16,corolla,0,0,0,1.5686159179138452
innova,2014,11.25,16.09,58242,Diesel,Dealer,Manual,0,11,innova,1,0,0,2.505525936990736
innova,2005,3.51,13.7,75000,Petrol,Dealer,Manual,0,20,innova,0,0,0,1.506297153514587
corolla altis,2008,4.0,22.78,89000,Petrol,Dealer,Automatic,0,17,corolla,0,0,1,1.6094379124341003
corolla altis,2012,5.85,18.61,72000,Petrol,Dealer,Manual,0,13,corolla,0,0,0,1.9242486522741338
innova,2016,20.75,25.39,29000,Diesel,Dealer,Automatic,0,9,innova,1,0,1,3.079613757534693
corolla altis,2017,17.0,18.64,8700,Petrol,Dealer,Manual,0,8,corolla,0,0,0,2.8903717578961645
corolla altis,2013,7.05,18.61,45000,Petrol,Dealer,Manual,0,12,corolla,0,0,0,2.0856720914304723
fortuner,2010,9.65,20.45,50024,Diesel,Dealer,Manual,0,15,fortuner,1,0,0,2.365559892155434
Royal Enfield Thunder 500,2016,1.75,1.9,3000,Petrol,Individual,Manual,0,9,royal,0,1,0,1.0116009116784799
UM Renegade Mojave,2017,1.7,1.82,1400,Petrol,Individual,Manual,0,8,um,0,1,0,0.9932517730102833
KTM RC200,2017,1.65,1.78,4000,Petrol,Individual,Manual,0,8,ktm,0,1,0,0.9745596399981308
Bajaj Dominar 400,2017,1.45,1.6,1200,Petrol,Individual,Manual,0,8,bajaj,0,1,0,0.8960880245566356
Royal Enfield Classic 350,2017,1.35,1.47,4100,Petrol,Individual,Manual,0,8,royal,0,1,0,0.8544153281560676
KTM RC390,2015,1.35,2.37,21700,Petrol,Individual,Manual,0,10,ktm,0,1,0,0.8544153281560676
Hyosung GT250R,2014,1.35,3.45,16500,Petrol,Individual,Manual,1,11,hyosung,0,1,0,0.8544153281560676
Royal Enfield Thunder 350,2013,1.25,1.5,15000,Petrol,Individual,Manual,0,12,royal,0,1,0,0.8109302162163288
Royal Enfield Thunder 350,2016,1.2,1.5,18000,Petrol,Individual,Manual,0,9,royal,0,1,0,0.7884573603642702
Royal Enfield Classic 350,2017,1.2,1.47,11000,Petrol,Individual,Manual,0,8,royal,0,1,0,0.7884573603642702
KTM RC200,2016,1.2,1.78,6000,Petrol,Individual,Manual,0,9,ktm,0,1,0,0.7884573603642702
Royal Enfield Thunder 350,2016,1.15,1.5,8700,Petrol,Individual,Manual,0,9,royal,0,1,0,0.7654678421395714
KTM 390 Duke ,2014,1.15,2.4,7000,Petrol,Individual,Manual,0,11,ktm,0,1,0,0.7654678421395714
Mahindra Mojo XT300,2016,1.15,1.4,35000,Petrol,Individual,Manual,0,9,mahindra,0,1,0,0.7654678421395714
Royal Enfield Classic 350,2015,1.15,1.47,17000,Petrol,Individual,Manual,0,10,royal,0,1,0,0.7654678421395714
Royal Enfield Classic 350,2015,1.11,1.47,17500,Petrol,Individual,Manual,0,10,royal,0,1,0,0.7466879474879752
Royal Enfield Classic 350,2013,1.1,1.47,33000,Petrol,Individual,Manual,0,12,royal,0,1,0,0.7419373447293773
Royal Enfield Thunder 500,2015,1.1,1.9,14000,Petrol,Individual,Manual,0,10,royal,0,1,0,0.7419373447293773
Royal Enfield Classic 350,2015,1.1,1.47,26000,Petrol,Individual,Manual,0,10,royal,0,1,0,0.7419373447293773
Royal Enfield Thunder 500,2013,1.05,1.9,5400,Petrol,Individual,Manual,0,12,royal,0,1,0,0.7178397931503169
Bajaj Pulsar RS200,2016,1.05,1.26,5700,Petrol,Individual,Manual,0,9,bajaj,0,1,0,0.7178397931503169
Royal Enfield Thunder 350,2011,1.05,1.5,6900,Petrol,Individual,Manual,0,14,royal,0,1,0,0.7178397931503169
Royal Enfield Bullet 350,2016,1.05,1.17,6000,Petrol,Individual,Manual,0,9,royal,0,1,0,0.7178397931503169
Royal Enfield Classic 350,2013,1.0,1.47,46500,Petrol,Individual,Manual,0,12,royal,0,1,0,0.6931471805599453
Royal Enfield Classic 500,2012,0.95,1.75,11500,Petrol,Individual,Manual,0,13,royal,0,1,0,0.6678293725756554
Royal Enfield Classic 500,2009,0.9,1.75,40000,Petrol,Individual,Manual,0,16,royal,0,1,0,0.6418538861723948
Bajaj Avenger 220,2017,0.9,0.95,1300,Petrol,Individual,Manual,0,8,bajaj,0,1,0,0.6418538861723948
Bajaj Avenger 150,2016,0.75,0.8,7000,Petrol,Individual,Manual,0,9,bajaj,0,1,0,0.5596157879354227
Honda CB Hornet 160R,2017,0.8,0.87,3000,Petrol,Individual,Manual,0,8,honda,0,1,0,0.5877866649021191
Yamaha FZ S V 2.0,2017,0.78,0.84,5000,Petrol,Individual,Manual,0,8,yamaha,0,1,0,0.5766133643039938
Honda CB Hornet 160R,2017,0.75,0.87,11000,Petrol,Individual,Manual,0,8,honda,0,1,0,0.5596157879354227
Yamaha FZ 16,2015,0.75,0.82,18000,Petrol,Individual,Manual,0,10,yamaha,0,1,0,0.5596157879354227
Bajaj Avenger 220,2017,0.75,0.95,3500,Petrol,Individual,Manual,0,8,bajaj,0,1,0,0.5596157879354227
Bajaj Avenger 220,2016,0.72,0.95,500,Petrol,Individual,Manual,0,9,bajaj,0,1,0,0.5423242908253617
TVS Apache RTR 160,2017,0.65,0.81,11800,Petrol,Individual,Manual,0,8,tvs,0,1,0,0.5007752879124893
Bajaj Pulsar 150,2015,0.65,0.74,5000,Petrol,Individual,Manual,0,10,bajaj,0,1,0,0.5007752879124893
Honda CBR 150,2014,0.65,1.2,23500,Petrol,Individual,Manual,0,11,honda,0,1,0,0.5007752879124893
Hero Extreme,2013,0.65,0.787,16000,Petrol,Individual,Manual,0,12,hero,0,1,0,0.5007752879124893
Honda CB Hornet 160R,2016,0.6,0.87,15000,Petrol,Individual,Manual,0,9,honda,0,1,0,0.4700036292457356
Bajaj Avenger 220 dtsi,2015,0.6,0.95,16600,Petrol,Individual,Manual,0,10,bajaj,0,1,0,0.4700036292457356
Honda CBR 150,2013,0.6,1.2,32000,Petrol,Individual,Manual,0,12,honda,0,1,0,0.4700036292457356
Bajaj Avenger 150 street,2016,0.6,0.8,20000,Petrol,Individual,Manual,0,9,bajaj,0,1,0,0.4700036292457356
Yamaha FZ  v 2.0,2015,0.6,0.84,29000,Petrol,Individual,Manual,0,10,yamaha,0,1,0,0.4700036292457356
Yamaha FZ  v 2.0,2016,0.6,0.84,25000,Petrol,Individual,Manual,0,9,yamaha,0,1,0,0.4700036292457356
Bajaj Pulsar  NS 200,2014,0.6,0.99,25000,Petrol,Individual,Manual,0,11,bajaj,0,1,0,0.4700036292457356
TVS Apache RTR 160,2012,0.6,0.81,19000,Petrol,Individual,Manual,0,13,tvs,0,1,0,0.4700036292457356
Hero Extreme,2014,0.55,0.787,15000,Petrol,Individual,Manual,0,11,hero,0,1,0,0.4382549309311553
Yamaha FZ S V 2.0,2015,0.55,0.84,58000,Petrol,Individual,Manual,0,10,yamaha,0,1,0,0.4382549309311553
Bajaj Pulsar 220 F,2010,0.52,0.94,45000,Petrol,Individual,Manual,0,15,bajaj,0,1,0,0.41871033485818504
Bajaj Pulsar 220 F,2016,0.51,0.94,24000,Petrol,Individual,Manual,0,9,bajaj,0,1,0,0.412109650826833
TVS Apache RTR 180,2011,0.5,0.826,6000,Petrol,Individual,Manual,0,14,tvs,0,1,0,0.4054651081081644
Hero Passion X pro,2016,0.5,0.55,31000,Petrol,Individual,Manual,0,9,hero,0,1,0,0.4054651081081644
Bajaj Pulsar NS 200,2012,0.5,0.99,13000,Petrol,Individual,Manual,0,13,bajaj,0,1,0,0.4054651081081644
Bajaj Pulsar NS 200,2013,0.5,0.99,45000,Petrol,Individual,Manual,0,12,bajaj,0,1,0,0.4054651081081644
Yamaha Fazer ,2014,0.5,0.88,8000,Petrol,Individual,Manual,0,11,yamaha,0,1,0,0.4054651081081644
Honda Activa 4G,2017,0.48,0.51,4300,Petrol,Individual,Automatic,0,8,honda,0,1,1,0.3920420877760237
TVS Sport ,2017,0.48,0.52,15000,Petrol,Individual,Manual,0,8,tvs,0,1,0,0.3920420877760237
Yamaha FZ S V 2.0,2015,0.48,0.84,23000,Petrol,Individual,Manual,0,10,yamaha,0,1,0,0.3920420877760237
Honda Dream Yuga ,2017,0.48,0.54,8600,Petrol,Individual,Manual,0,8,honda,0,1,0,0.3920420877760237
Honda Activa 4G,2017,0.45,0.51,4000,Petrol,Individual,Automatic,0,8,honda,0,1,1,0.37156355643248307
Bajaj Avenger Street 220,2011,0.45,0.95,24000,Petrol,Individual,Manual,0,14,bajaj,0,1,0,0.37156355643248307
TVS Apache RTR 180,2014,0.45,0.826,23000,Petrol,Individual,Manual,0,11,tvs,0,1,0,0.37156355643248307
Bajaj Pulsar NS 200,2012,0.45,0.99,14500,Petrol,Individual,Manual,0,13,bajaj,0,1,0,0.37156355643248307
Bajaj Avenger 220 dtsi,2010,0.45,0.95,27000,Petrol,Individual,Manual,0,15,bajaj,0,1,0,0.37156355643248307
Hero Splender iSmart,2016,0.45,0.54,14000,Petrol,Individual,Manual,0,9,hero,0,1,0,0.37156355643248307
Activa 3g,2016,0.45,0.54,500,Petrol,Individual,Automatic,0,9,activa,0,1,1,0.37156355643248307
Hero Passion Pro,2016,0.45,0.55,1000,Petrol,Individual,Manual,0,9,hero,0,1,0,0.37156355643248307
TVS Apache RTR 160,2014,0.42,0.81,42000,Petrol,Individual,Manual,0,11,tvs,0,1,0,0.3506568716131694
Honda CB Trigger,2013,0.42,0.73,12000,Petrol,Individual,Manual,0,12,honda,0,1,0,0.3506568716131694
Hero Splender iSmart,2015,0.4,0.54,14000,Petrol,Individual,Manual,0,10,hero,0,1,0,0.33647223662121295
Yamaha FZ S ,2012,0.4,0.83,5500,Petrol,Individual,Manual,0,13,yamaha,0,1,0,0.33647223662121295
Hero Passion Pro,2015,0.4,0.55,6700,Petrol,Individual,Manual,0,10,hero,0,1,0,0.33647223662121295
Bajaj Pulsar 135 LS,2014,0.4,0.64,13700,Petrol,Individual,Manual,0,11,bajaj,0,1,0,0.33647223662121295
Activa 4g,2017,0.4,0.51,1300,Petrol,Individual,Automatic,0,8,activa,0,1,1,0.33647223662121295
Honda CB Unicorn,2015,0.38,0.72,38600,Petrol,Individual,Manual,0,10,honda,0,1,0,0.3220834991691133
Hero Honda CBZ extreme,2011,0.38,0.787,75000,Petrol,Individual,Manual,0,14,hero,0,1,0,0.3220834991691133
Honda Karizma,2011,0.35,1.05,30000,Petrol,Individual,Manual,0,14,honda,0,1,0,0.3001045924503381
Honda Activa 125,2016,0.35,0.57,24000,Petrol,Individual,Automatic,0,9,honda,0,1,1,0.3001045924503381
TVS Jupyter,2014,0.35,0.52,19000,Petrol,Individual,Automatic,0,11,tvs,0,1,1,0.3001045924503381
Honda Karizma,2010,0.31,1.05,213000,Petrol,Individual,Manual,0,15,honda,0,1,0,0.27002713721306015
Hero Honda Passion Pro,2012,0.3,0.51,60000,Petrol,Individual,Manual,0,13,hero,0,1,0,0.262364264467491
Hero Splender Plus,2016,0.3,0.48,50000,Petrol,Individual,Manual,0,9,hero,0,1,0,0.262364264467491
Honda CB Shine,2013,0.3,0.58,30000,Petrol,Individual,Manual,0,12,honda,0,1,0,0.262364264467491
Bajaj Discover 100,2013,0.27,0.47,21000,Petrol,Individual,Manual,0,12,bajaj,0,1,0,0.23901690047049992
Bajaj Pulsar 150,2008,0.25,0.75,26000,Petrol,Individual,Manual,1,17,bajaj,0,1,0,0.22314355131420976
Suzuki Access 125,2008,0.25,0.58,1900,Petrol,Individual,Automatic,0,17,suzuki,0,1,1,0.22314355131420976
TVS Wego,2010,0.25,0.52,22000,Petrol,Individual,Automatic,0,15,tvs,0,1,1,0.22314355131420976
Honda CB twister,2013,0.25,0.51,32000,Petrol,Individual,Manual,0,12,honda,0,1,0,0.22314355131420976
Hero Glamour,2013,0.25,0.57,18000,Petrol,Individual,Manual,0,12,hero,0,1,0,0.22314355131420976
Hero Super Splendor,2005,0.2,0.57,55000,Petrol,Individual,Manual,0,20,hero,0,1,0,0.18232155679395465
Bajaj Pulsar 150,2008,0.2,0.75,60000,Petrol,Individual,Manual,0,17,bajaj,0,1,0,0.18232155679395465
Bajaj Discover 125,2012,0.2,0.57,25000,Petrol,Individual,Manual,1,13,bajaj,0,1,0,0.18232155679395465
Hero Hunk,2007,0.2,0.75,49000,Petrol,Individual,Manual,1,18,hero,0,1,0,0.18232155679395465
Hero  Ignitor Disc,2013,0.2,0.65,24000,Petrol,Individual,Manual,1,12,hero,0,1,0,0.18232155679395465
Hero  CBZ Xtreme,2008,0.2,0.787,50000,Petrol,Individual,Manual,0,17,hero,0,1,0,0.18232155679395465
Bajaj  ct 100,2015,0.18,0.32,35000,Petrol,Individual,Manual,0,10,bajaj,0,1,0,0.16551443847757338
Activa 3g,2008,0.17,0.52,500000,Petrol,Individual,Automatic,0,17,activa,0,1,1,0.15700374880966478
Honda CB twister,2010,0.16,0.51,33000,Petrol,Individual,Manual,0,15,honda,0,1,0,0.1484200051182733
Bajaj Discover 125,2011,0.15,0.57,35000,Petrol,Individual,Manual,1,14,bajaj,0,1,0,0.1397619423751587
Honda CB Shine,2007,0.12,0.58,53000,Petrol,Individual,Manual,0,18,honda,0,1,0,0.11332868530700317
Bajaj Pulsar 150,2006,0.1,0.75,92233,Petrol,Individual,Manual,0,19,bajaj,0,1,0,0.09531017980432487
i20,2010,3.25,6.79,58000,Diesel,Dealer,Manual,1,15,i20,1,0,0,1.4469189829363254
grand i10,2015,4.4,5.7,28200,Petrol,Dealer,Manual,0,10,grand,0,0,0,1.6863989535702288
i10,2011,2.95,4.6,53460,Petrol,Dealer,Manual,0,14,i10,0,0,0,1.3737155789130306
eon,2015,2.75,4.43,28282,Petrol,Dealer,Manual,0,10,eon,0,0,0,1.3217558399823195
grand i10,2016,5.25,5.7,3493,Petrol,Dealer,Manual,1,9,grand,0,0,0,1.8325814637483102
xcent,2017,5.75,7.13,12479,Petrol,Dealer,Manual,0,8,xcent,0,0,0,1.9095425048844386
grand i10,2015,5.15,5.7,34797,Petrol,Dealer,Automatic,0,10,grand,0,0,1,1.8164520818184267
i20,2017,7.9,8.1,3435,Petrol,Dealer,Manual,0,8,i20,0,0,0,2.186051276738094
grand i10,2015,4.85,5.7,21125,Diesel,Dealer,Manual,0,10,grand,1,0,0,1.766441661243765
i10,2012,3.1,4.6,35775,Petrol,Dealer,Manual,0,13,i10,0,0,0,1.410986973710262
elantra,2015,11.75,14.79,43535,Diesel,Dealer,Manual,0,10,elantra,1,0,0,2.545531271604435
creta,2016,11.25,13.6,22671,Petrol,Dealer,Manual,0,9,creta,0,0,0,2.505525936990736
i20,2011,2.9,6.79,31604,Petrol,Dealer,Manual,0,14,i20,0,0,0,1.3609765531356006
grand i10,2017,5.25,5.7,20114,Petrol,Dealer,Manual,0,8,grand,0,0,0,1.8325814637483102
verna,2012,4.5,9.4,36100,Petrol,Dealer,Manual,0,13,verna,0,0,0,1.7047480922384253
eon,2016,2.9,4.43,12500,Petrol,Dealer,Manual,0,9,eon,0,0,0,1.3609765531356006
eon,2016,3.15,4.43,15000,Petrol,Dealer,Manual,0,9,eon,0,0,0,1.423108334242607
verna,2014,6.45,8.4,45078,Petrol,Dealer,Manual,0,11,verna,0,0,0,2.0082140323914683
verna,2012,4.5,9.4,36000,Petrol,Dealer,Manual,0,13,verna,0,0,0,1.7047480922384253
eon,2017,3.5,5.43,38488,Petrol,Dealer,Manual,0,8,eon,0,0,0,1.5040773967762742
i20,2013,4.5,6.79,32000,Petrol,Dealer,Automatic,0,12,i20,0,0,1,1.7047480922384253
i20,2014,6.0,7.6,77632,Diesel,Dealer,Manual,0,11,i20,1,0,0,1.9459101490553132
verna,2015,8.25,9.4,61381,Diesel,Dealer,Manual,0,10,verna,1,0,0,2.224623551524334
verna,2013,5.11,9.4,36198,Petrol,Dealer,Automatic,0,12,verna,0,0,1,1.809926773183504
i10,2011,2.7,4.6,22517,Petrol,Dealer,Manual,0,14,i10,0,0,0,1.308332819650179
grand i10,2015,5.25,5.7,24678,Petrol,Dealer,Manual,0,10,grand,0,0,0,1.8325814637483102
i10,2011,2.55,4.43,57000,Petrol,Dealer,Manual,0,14,i10,0,0,0,1.2669476034873244
verna,2012,4.95,9.4,60000,Diesel,Dealer,Manual,0,13,verna,1,0,0,1.7833912195575383
i20,2012,3.1,6.79,52132,Diesel,Dealer,Manual,0,13,i20,1,0,0,1.410986973710262
verna,2013,6.15,9.4,45000,Diesel,Dealer,Manual,0,12,verna,1,0,0,1.9671123567059163
verna,2017,9.25,9.4,15001,Petrol,Dealer,Manual,0,8,verna,0,0,0,2.327277705584417
elantra,2015,11.45,14.79,12900,Petrol,Dealer,Automatic,0,10,elantra,0,0,1,2.5217206229107165
grand i10,2013,3.9,5.7,53000,Diesel,Dealer,Manual,0,12,grand,1,0,0,1.589235205116581
grand i10,2015,5.5,5.7,4492,Petrol,Dealer,Manual,0,10,grand,0,0,0,1.8718021769015913
verna,2017,9.1,9.4,15141,Petrol,Dealer,Manual,0,8,verna,0,0,0,2.312535423847214
eon,2016,3.1,4.43,11849,Petrol,Dealer,Manual,0,9,eon,0,0,0,1.410986973710262
creta,2015,11.25,13.6,68000,Diesel,Dealer,Manual,0,10,creta,1,0,0,2.505525936990736
verna,2013,4.8,9.4,60241,Petrol,Dealer,Manual,0,12,verna,0,0,0,1.7578579175523736
eon,2012,2.0,4.43,23709,Petrol,Dealer,Manual,0,13,eon,0,0,0,1.0986122886681098
verna,2012,5.35,9.4,32322,Diesel,Dealer,Manual,0,13,verna,1,0,0,1.8484548129046001
xcent,2015,4.75,7.13,35866,Petrol,Dealer,Manual,1,10,xcent,0,0,0,1.749199854809259
xcent,2014,4.4,7.13,34000,Petrol,Dealer,Manual,0,11,xcent,0,0,0,1.6863989535702288
i20,2016,6.25,7.6,7000,Petrol,Dealer,Manual,0,9,i20,0,0,0,1.9810014688665833
verna,2013,5.95,9.4,49000,Diesel,Dealer,Manual,0,12,verna,1,0,0,1.9387416595767009
verna,2012,5.2,9.4,71000,Diesel,Dealer,Manual,0,13,verna,1,0,0,1.824549292051046
i20,2012,3.75,6.79,35000,Petrol,Dealer,Manual,0,13,i20,0,0,0,1.55814461804655
verna,2015,5.95,9.4,36000,Petrol,Dealer,Manual,0,10,verna,0,0,0,1.9387416595767009
i10,2013,4.0,4.6,30000,Petrol,Dealer,Manual,0,12,i10,0,0,0,1.6094379124341003
i20,2016,5.25,7.6,17000,Petrol,Dealer,Manual,0,9,i20,0,0,0,1.8325814637483102
creta,2016,12.9,13.6,35934,Diesel,Dealer,Manual,0,9,creta,1,0,0,2.631888840136646
city,2013,5.0,9.9,56701,Petrol,Dealer,Manual,0,12,city,0,0,0,1.791759469228055
brio,2015,5.4,6.82,31427,Petrol,Dealer,Automatic,0,10,brio,0,0,1,1.8562979903656263
city,2014,7.2,9.9,48000,Diesel,Dealer,Manual,0,11,city,1,0,0,2.1041341542702074
city,2013,5.25,9.9,54242,Petrol,Dealer,Manual,0,12,city,0,0,0,1.8325814637483102
brio,2012,3.0,5.35,53675,Petrol,Dealer,Manual,0,13,brio,0,0,0,1.3862943611198906
city,2016,10.25,13.6,49562,Petrol,Dealer,Manual,0,9,city,0,0,0,2.4203681286504293
city,2015,8.5,13.6,40324,Petrol,Dealer,Manual,0,10,city,0,0,0,2.2512917986064953
city,2015,8.4,13.6,25000,Petrol,Dealer,Manual,0,10,city,0,0,0,2.2407096892759584
amaze,2014,3.9,7.0,36054,Petrol,Dealer,Manual,0,11,amaze,0,0,0,1.589235205116581
city,2016,9.15,13.6,29223,Petrol,Dealer,Manual,0,9,city,0,0,0,2.3174737054877963
brio,2016,5.5,5.97,5600,Petrol,Dealer,Manual,0,9,brio,0,0,0,1.8718021769015913
amaze,2015,4.0,5.8,40023,Petrol,Dealer,Manual,0,10,amaze,0,0,0,1.6094379124341003
jazz,2016,6.6,7.7,16002,Petrol,Dealer,Manual,0,9,jazz,0,0,0,2.028148247292285
amaze,2015,4.0,7.0,40026,Petrol,Dealer,Manual,0,10,amaze,0,0,0,1.6094379124341003
jazz,2017,6.5,8.7,21200,Petrol,Dealer,Manual,0,8,jazz,0,0,0,2.0149030205422647
amaze,2014,3.65,7.0,35000,Petrol,Dealer,Manual,0,11,amaze,0,0,0,1.536867219599265
city,2016,8.35,9.4,19434,Diesel,Dealer,Manual,0,9,city,1,0,0,2.2353763433005955
brio,2017,4.8,5.8,19000,Petrol,Dealer,Manual,0,8,brio,0,0,0,1.7578579175523736
city,2015,6.7,10.0,18828,Petrol,Dealer,Manual,0,10,city,0,0,0,2.0412203288596382
city,2011,4.1,10.0,69341,Petrol,Dealer,Manual,0,14,city,0,0,0,1.62924053973028
city,2009,3.0,10.0,69562,Petrol,Dealer,Manual,0,16,city,0,0,0,1.3862943611198906
city,2015,7.5,10.0,27600,Petrol,Dealer,Manual,0,10,city,0,0,0,2.1400661634962708
jazz,2010,2.25,7.5,61203,Petrol,Dealer,Manual,0,15,jazz,0,0,0,1.1786549963416462
brio,2014,5.3,6.8,16500,Petrol,Dealer,Manual,0,11,brio,0,0,0,1.840549633397487
city,2016,10.9,13.6,30753,Petrol,Dealer,Automatic,0,9,city,0,0,1,2.4765384001174837
city,2015,8.65,13.6,24800,Petrol,Dealer,Manual,0,10,city,0,0,0,2.2669579153508947
city,2015,9.7,13.6,21780,Petrol,Dealer,Manual,0,10,city,0,0,0,2.3702437414678603
jazz,2016,6.0,8.4,4000,Petrol,Dealer,Manual,0,9,jazz,0,0,0,1.9459101490553132
city,2014,6.25,13.6,40126,Petrol,Dealer,Manual,0,11,city,0,0,0,1.9810014688665833
brio,2015,5.25,5.9,14465,Petrol,Dealer,Manual,0,10,brio,0,0,0,1.8325814637483102
city,2006,2.1,7.6,50456,Petrol,Dealer,Manual,0,19,city,0,0,0,1.1314021114911006
city,2014,8.25,14.0,63000,Diesel,Dealer,Manual,0,11,city,1,0,0,2.224623551524334
city,2016,8.99,11.8,9010,Petrol,Dealer,Manual,0,9,city,0,0,0,2.301584592660462
brio,2013,3.5,5.9,9800,Petrol,Dealer,Manual,0,12,brio,0,0,0,1.5040773967762742
jazz,2016,7.4,8.5,15059,Petrol,Dealer,Automatic,0,9,jazz,0,0,1,2.128231705849268
jazz,2016,5.65,7.9,28569,Petrol,Dealer,Manual,0,9,jazz,0,0,0,1.8946168546677629
amaze,2015,5.75,7.5,44000,Petrol,Dealer,Automatic,0,10,amaze,0,0,1,1.9095425048844386
city,2015,8.4,13.6,34000,Petrol,Dealer,Manual,0,10,city,0,0,0,2.2407096892759584
city,2016,10.11,13.6,10980,Petrol,Dealer,Manual,0,9,city,0,0,0,2.4078456036515385
amaze,2014,4.5,6.4,19000,Petrol,Dealer,Manual,0,11,amaze,0,0,0,1.7047480922384253
brio,2015,5.4,6.1,31427,Petrol,Dealer,Manual,0,10,brio,0,0,0,1.8562979903656263
jazz,2016,6.4,8.4,12000,Petrol,Dealer,Manual,0,9,jazz,0,0,0,2.0014800002101243
city,2010,3.25,9.9,38000,Petrol,Dealer,Manual,0,15,city,0,0,0,1.4469189829363254
amaze,2014,3.75,6.8,33019,Petrol,Dealer,Manual,0,11,amaze,0,0,0,1.55814461804655
city,2015,8.55,13.09,60076,Diesel,Dealer,Manual,0,10,city,1,0,0,2.256541154492639
city,2016,9.5,11.6,33988,Diesel,Dealer,Manual,0,9,city,1,0,0,2.3513752571634776
brio,2015,4.0,5.9,60000,Petrol,Dealer,Manual,0,10,brio,0,0,0,1.6094379124341003
city,2009,3.35,11.0,87934,Petrol,Dealer,Manual,0,16,city,0,0,0,1.4701758451005926
city,2017,11.5,12.5,9000,Diesel,Dealer,Manual,0,8,city,1,0,0,2.5257286443082556
brio,2016,5.3,5.9,5464,Petrol,Dealer,Manual,0,9,brio,0,0,0,1.840549633397487
